SET search_path = hospital;

INSERT INTO Doctors (surname, name, birth_date, sex, specialization)
VALUES
    ('Иванов', 'Алексей', '1980-05-15', 'Мужской', 'Терапевт'),
    ('Петрова', 'Мария', '1975-08-22', 'Женский', 'Хирург'),
    ('Сидоров', 'Дмитрий', '1990-03-10', 'Мужской', 'Кардиолог'),
    ('Козлова', 'Ольга', '1985-11-30', 'Женский', 'Невролог'),
    ('Михайлов', 'Сергей', '1978-07-25', 'Мужской', 'Офтальмолог'),
    ('Федорова', 'Елена', '1982-09-12', 'Женский', 'Дерматолог'),
    ('Николаев', 'Андрей', '1970-12-05', 'Мужской', 'Ортопед'),
    ('Алексеева', 'Татьяна', '1988-04-18', 'Женский', 'Педиатр'),
    ('Григорьев', 'Павел', '1983-06-20', 'Мужской', 'Эндокринолог'),
    ('Смирнова', 'Анна', '1977-02-14', 'Женский', 'Гастроэнтеролог'),
    ('Кузнецов', 'Игорь', '1981-10-08', 'Мужской', 'Уролог'),
    ('Васильева', 'Людмила', '1976-03-28', 'Женский', 'Гинеколог'),
    ('Борисов', 'Виктор', '1984-07-19', 'Мужской', 'Инфекционист'),
    ('Макарова', 'Екатерина', '1979-09-03', 'Женский', 'Психиатр'),
    ('Лебедев', 'Александр', '1986-01-25', 'Мужской', 'Ревматолог');

INSERT INTO Patients (surname, name, birth_date, sex, phone_number)
VALUES
    ('Соколов', 'Иван', '1995-04-12', 'Мужской', '+79161234567'),
    ('Ковалева', 'Анастасия', '1988-07-19', 'Женский', '+79162345678'),
    ('Морозов', 'Денис', '1990-11-25', 'Мужской', '+79163456789'),
    ('Павлова', 'Екатерина', '1985-02-14', 'Женский', '+79164567890'),
    ('Волков', 'Александр', '1992-08-30', 'Мужской', '+79165678901'),
    ('Андреева', 'Марина', '1987-05-22', 'Женский', '+79166789012'),
    ('Козлов', 'Андрей', '1993-12-10', 'Мужской', '+79167890123'),
    ('Орлова', 'Ольга', '1989-06-18', 'Женский', '+79168901234'),
    ('Белов', 'Сергей', '1991-09-05', 'Мужской', '+79169012345'),
    ('Гусева', 'Татьяна', '1986-03-28', 'Женский', '+79160123456'),
    ('Комаров', 'Дмитрий', '1994-07-15', 'Мужской', '+79161234567'),
    ('Ильина', 'Елена', '1984-10-20', 'Женский', '+79162345678'),
    ('Жуков', 'Павел', '1996-01-30', 'Мужской', '+79163456789'),
    ('Семенова', 'Анна', '1983-04-25', 'Женский', '+79164567890'),
    ('Тарасов', 'Виктор', '1997-08-12', 'Мужской', '+79165678901');

INSERT INTO Appointments (doctor_id, patient_id, date_time, duration, office)
VALUES
    (1, 1, '2023-10-01 09:00:00', 30, 101),
    (2, 2, '2023-10-01 10:00:00', 45, 102),
    (3, 3, '2023-10-01 11:00:00', 30, 103),
    (4, 4, '2023-10-01 12:00:00', 45, 104),
    (5, 5, '2023-10-01 13:00:00', 30, 105),
    (6, 6, '2023-10-01 14:00:00', 45, 106),
    (7, 7, '2023-10-01 15:00:00', 30, 107),
    (8, 8, '2023-10-01 16:00:00', 45, 108),
    (9, 9, '2023-10-01 17:00:00', 30, 109),
    (10, 10, '2023-10-01 18:00:00', 45, 110),
    (11, 11, '2023-10-02 09:00:00', 30, 111),
    (12, 12, '2023-10-02 10:00:00', 45, 112),
    (13, 13, '2023-10-02 11:00:00', 30, 113),
    (14, 14, '2023-10-02 12:00:00', 45, 114),
    (15, 15, '2023-10-02 13:00:00', 30, 115);

INSERT INTO Conclusions (appointment_id, complaints, examination_results, diagnosis)
VALUES
    (1, 'Головная боль', 'Нормальное давление', 'Мигрень'),
    (2, 'Боль в животе', 'УЗИ показало гастрит', 'Гастрит'),
    (3, 'Кашель', 'Рентген показал бронхит', 'Бронхит'),
    (4, 'Боль в спине', 'МРТ показало остеохондроз', 'Остеохондроз'),
    (5, 'Слабость', 'Анализы показали анемию', 'Анемия'),
    (6, 'Сыпь', 'Аллергическая реакция', 'Аллергия'),
    (7, 'Боль в суставе', 'Рентген показал артрит', 'Артрит'),
    (8, 'Тошнота', 'Анализы показали отравление', 'Отравление'),
    (9, 'Головокружение', 'Низкое давление', 'Гипотония'),
    (10, 'Боль в груди', 'ЭКГ показала стенокардию', 'Стенокардия'),
    (11, 'Насморк', 'Осмотр показал синусит', 'Синусит'),
    (12, 'Боль в горле', 'Осмотр показал фарингит', 'Фарингит'),
    (13, 'Температура', 'Анализы показали грипп', 'Грипп'),
    (14, 'Боль в ухе', 'Осмотр показал отит', 'Отит'),
    (15, 'Слабость', 'Анализы показали гиповитаминоз', 'Гиповитаминоз');

INSERT INTO Medicines (name, amount, valid_from, valid_to)
VALUES
    ('Парацетамол', 100, '2023-01-01 00:00:00', '2024-01-01 00:00:00'),
    ('Азитромицин', 150, '2024-03-01 00:00:00', '2025-03-01 00:00:00'),
    ('Эналаприл', 100, '2024-02-01 00:00:00', '2025-02-01 00:00:00'),
    ('Фуросемид', 190, '2024-01-01 00:00:00', '2025-01-01 00:00:00'),
    ('Кларитин', 170, '2023-12-01 00:00:00', '2024-12-01 00:00:00'),
    ('Нимесулид', 160, '2023-11-01 00:00:00', '2024-11-01 00:00:00'),
    ('Анальгин', 140, '2023-10-01 00:00:00', '2024-10-01 00:00:00'),
    ('Диазолин', 110, '2023-09-01 00:00:00', '2024-09-01 00:00:00'),
    ('Цетрин', 130, '2023-08-01 00:00:00', '2024-08-01 00:00:00'),
    ('Аспирин', 200, '2023-07-01 00:00:00', '2024-07-01 00:00:00'),
    ('Метформин', 90, '2023-06-01 00:00:00', '2024-06-01 00:00:00'),
    ('Омепразол', 180, '2023-05-01 00:00:00', '2024-05-01 00:00:00'),
    ('Лоратадин', 120, '2023-04-01 00:00:00', '2024-04-01 00:00:00'),
    ('Амоксициллин', 200, '2023-03-01 00:00:00', '2024-03-01 00:00:00'),
    ('Ибупрофен', 150, '2023-02-01 00:00:00', '2024-02-01 00:00:00'),
    ('Парацетамол', 200, '2024-01-01 00:00:00', '5999-01-01 00:00:00'),
    ('Ибупрофен', 100, '2024-02-01 00:00:00', '5999-01-01 00:00:00'),
    ('Амоксициллин', 300, '2024-03-01 00:00:00', '5999-01-01 00:00:00'),
    ('Лоратадин', 60, '2024-04-01 00:00:00', '5999-01-01 00:00:00'),
    ('Омепразол', 200, '2024-05-01 00:00:00', '5999-01-01 00:00:00'),
    ('Метформин', 200, '2023-06-01 00:00:00', '5999-01-01 00:00:00'),
    ('Аспирин', 300, '2024-07-01 00:00:00', '5999-01-01 00:00:00'),
    ('Цетрин', 100, '2024-08-01 00:00:00', '5999-01-01 00:00:00'),
    ('Диазолин', 100, '2024-09-01 00:00:00', '5999-01-01 00:00:00'),
    ('Анальгин', 200, '2024-10-01 00:00:00', '5999-01-01 00:00:00'),
    ('Нимесулид', 200, '2024-11-01 00:00:00', '5999-01-01 00:00:00'),
    ('Кларитин', 300, '2024-12-01 00:00:00', '5999-01-01 00:00:00'),
    ('Фуросемид', 150, '2025-01-01 00:00:00', '5999-01-01 00:00:00'),
    ('Эналаприл', 300, '2025-02-01 00:00:00', '5999-01-01 00:00:00'),
    ('Азитромицин', 200, '2025-03-01 00:00:00', '5999-01-01 00:00:00');

INSERT INTO Prescriptions (conclusion_id, medicine_id)
VALUES
    (1, 1), (1, 2), (2, 3), (2, 4), (3, 5), (3, 6), (4, 7), (4, 8), (5, 9), (5, 10),
    (6, 11), (6, 12), (7, 13), (7, 14), (8, 15), (8, 1), (9, 2), (9, 3), (10, 4), (10, 5),
    (11, 6), (11, 7), (12, 8), (12, 9), (13, 10), (13, 11), (14, 12), (14, 13), (15, 14), (15, 15);